respondent,date,identification,situation,background (history),background (examination),assessment,recommendation (clear recommendation),recommendation (global rating scale)
1,2025-05-02,-1,2,2,2,3,2,2
2,2025-04-04,3,3,2,3,3,2,1
3,2025-04-04,0,2,3,3,3,3,3
4,2025-05-16,3,3,3,2,2,2,2
5,2025-05-04,3,3,3,3,3,2,3
6,2025-04-04,3,2,3,3,2,2,3
7,2025-03-14,3,3,2,3,2,2,2
8,2025-05-02,3,3,3,2,2,2,3
9,2025-05-04,3,3,2,2,2,3,2
10,2025-03-14,2,2,2,2,2,2,2
11,2025-04-04,3,3,3,3,3,3,3
12,2025-05-02,3,3,3,3,2,3,3
13,2025-03-14,3,3,2,1,2,2,2
14,2025-03-14,3,3,2,2,3,1,2
15,2025-05-04,3,3,2,3,2,2,2
16,2025-05-02,3,3,3,3,3,2,3
17,2025-05-04,3,3,3,3,3,3,2
18,2025-05-04,3,3,2,2,3,2,2
19,2025-05-16,3,3,3,3,2,3,3
20,2025-05-02,3,3,2,-1,3,2,3
21,2025-05-16,3,2,3,1,2,3,3
22,2025-05-16,3,3,3,3,2,2,3
23,2025-03-14,3,3,2,2,3,3,3
